Author	Genre	Title	TextGridID	PID
Arnim, Bettina von	Roman	Goethes Briefwechsel mit einem Kinde	k2kq.0	https://hdl.handle.net/11858/00-1734-0000-0002-0711-9
Arnim, Bettina von	Roman	Die Günderode	k2k2.0	https://hdl.handle.net/11858/00-1734-0000-0002-06FF-C
Arnim, Bettina von	Roman	Clemens Brentanos Frühlingskranz	k2k9.0	https://hdl.handle.net/11858/00-1734-0000-0002-0703-9
Arnim, Bettina von	Märchen	Der Königssohn	k2jw.0	https://hdl.handle.net/11858/00-1734-0000-0002-06F8-9
Arnim, Bettina von	Märchen	Hans ohne Bart	k2kg.0	https://hdl.handle.net/11858/00-1734-0000-0002-070C-8
Arnim, Bettina von	Märchen	Die blinde Königstochter	k2k5.0	https://hdl.handle.net/11858/00-1734-0000-0002-0701-D
Arnim, Bettina von	Märchen	Abdalas Leuchter	k2kd.0	https://hdl.handle.net/11858/00-1734-0000-0002-0708-0
Arnim, Bettina von	Märchen	Das Leben der Hochgräfin Gritta von Rattenzuhausbeiuns	k2kv.0	https://hdl.handle.net/11858/00-1734-0000-0002-0714-3
Arnim, Ludwig Achim von	Roman	Die Kronenwächter	k5d3.0	https://hdl.handle.net/11858/00-1734-0000-0002-0A12-F
Arnim, Ludwig Achim von	Roman	Armut, Reichtum, Schuld und Buße der Gräfin Dolores	k6nj.0	https://hdl.handle.net/11858/00-1734-0000-0002-0E34-0
Arnim, Ludwig Achim von	Erzählung	Der Wintergarten	k81x.0	https://hdl.handle.net/11858/00-1734-0000-0002-12C6-B
Arnim, Ludwig Achim von	Erzählung	Isabella von Ägypten	k58z.0	https://hdl.handle.net/11858/00-1734-0000-0002-09BA-E
Arnim, Ludwig Achim von	Erzählung	Die drei liebreichen Schwestern und der glückliche Färber	k654.0	https://hdl.handle.net/11858/00-1734-0000-0002-0C93-A
Arnim, Ludwig Achim von	Erzählung	Der tolle Invalide auf dem Fort Ratonneau	k5s0.0	https://hdl.handle.net/11858/00-1734-0000-0002-0B50-6
Arnim, Ludwig Achim von	Erzählung	Die Majoratsherren	k6z1.0	https://hdl.handle.net/11858/00-1734-0000-0002-0F2A-F
Bernhardi, Sophie	Roman	Evremont	kjhm.0	https://hdl.handle.net/11858/00-1734-0000-0002-2E9D-6
Bernhardi, Sophie	Erzählung	Die Quelle der Liebe	kjhs.0	https://hdl.handle.net/11858/00-1734-0000-0002-2EA5-1
Bernhardi, Sophie	Erzählung	Die Stimme im Walde	kjhc.0	https://hdl.handle.net/11858/00-1734-0000-0002-2E99-E
Bernhardi, Sophie	Erzählung	Die Blume der Liebe	kjhq.0	https://hdl.handle.net/11858/00-1734-0000-0002-2EA3-5
Bernhardi, Sophie	Erzählung	Der Einsiedler und die Nonne	kjjc.0	https://hdl.handle.net/11858/00-1734-0000-0002-2EB4-0
Bernhardi, Sophie	Erzählung	Alcandor und Angelica	kjjm.0	https://hdl.handle.net/11858/00-1734-0000-0002-2EBB-2
Bernhardi, Sophie	Erzählung	Das Vögelchen	kjj0.0	https://hdl.handle.net/11858/00-1734-0000-0002-2EAC-4
Bernhardi, Sophie	Erzählung	Der Unglückliche	kjh7.0	https://hdl.handle.net/11858/00-1734-0000-0002-2E95-5
Bernhardi, Sophie	Erzählung	Belinde	kjjq.0	https://hdl.handle.net/11858/00-1734-0000-0002-2EC0-3
Bernhardi, Sophie	Erzählung	Das Reh	kjhw.0	https://hdl.handle.net/11858/00-1734-0000-0002-2EA9-A
Bernhardi, Sophie	Erzählung	Die Waldgenossin	kjj8.0	https://hdl.handle.net/11858/00-1734-0000-0002-2EB1-5
Bernhardi, Sophie	Erzählung	Die Bezauberungen der Nacht	kjhf.0	https://hdl.handle.net/11858/00-1734-0000-0002-2E9A-C
Brentano, Clemens	Roman	Godwi oder Das steinerne Bild der Mutter	kr16.0	https://hdl.handle.net/11858/00-1734-0000-0002-40F6-0
Brentano, Clemens	Erzählung	Aus der Chronika eines fahrenden Schülers	kr3b.0	https://hdl.handle.net/11858/00-1734-0000-0002-4134-B
Brentano, Clemens	Erzählung	Die mehreren Wehmüller und ungarischen Nationalgesichter	krf0.0	https://hdl.handle.net/11858/00-1734-0000-0002-424C-D
Brentano, Clemens	Erzählung	Die drei Nüsse	kr3t.0	https://hdl.handle.net/11858/00-1734-0000-0002-4141-B
Brentano, Clemens	Erzählung	Geschichte vom braven Kasperl und dem schönen Annerl	kqqr.0	https://hdl.handle.net/11858/00-1734-0000-0002-4001-5
Brentano, Clemens	Märchen	Das Märchen von dem Rhein und dem Müller Radlauf	kr87.0	https://hdl.handle.net/11858/00-1734-0000-0002-41C3-9
Brentano, Clemens	Märchen	Das Märchen von dem Hause Starenberg und den Ahnen des Müllers Radlauf	krb4.0	https://hdl.handle.net/11858/00-1734-0000-0002-41F9-2
Brentano, Clemens	Märchen	Das Märchen vom Murmeltier	krf5.0	https://hdl.handle.net/11858/00-1734-0000-0002-4251-0
Brentano, Clemens	Märchen	Das Märchen vom Schneider Siebentot auf einen Schlag	kqt0.0	https://hdl.handle.net/11858/00-1734-0000-0002-4042-4
Brentano, Clemens	Märchen	Das Märchen von den Märchen oder Liebseelchen	kqgf.0	https://hdl.handle.net/11858/00-1734-0000-0002-3F2D-C
Brentano, Clemens	Märchen	Das Märchen von dem Myrtenfräulein	kqx9.0	https://hdl.handle.net/11858/00-1734-0000-0002-40A0-E
Brentano, Clemens	Märchen	Das Märchen von dem Witzenspitzel	kr70.0	https://hdl.handle.net/11858/00-1734-0000-0002-41A0-6
Brentano, Clemens	Märchen	Das Märchen von Rosenblättchen	kqw2.0	https://hdl.handle.net/11858/00-1734-0000-0002-407E-D
Brentano, Clemens	Märchen	Das Märchen von dem Baron von Hüpfenstich	kq9g.0	https://hdl.handle.net/11858/00-1734-0000-0002-3E9D-9
Brentano, Clemens	Märchen	Das Märchen von dem Dilldapp	kqj1.0	https://hdl.handle.net/11858/00-1734-0000-0002-3F59-A
Brentano, Clemens	Märchen	Das Märchen von Fanferlieschen Schönefüßchen	kqbm.0	https://hdl.handle.net/11858/00-1734-0000-0002-3EBD-1
Brentano, Clemens	Märchen	Das Märchen von dem Schulmeister Klopfstock und seinen fünf Söhnen	kqsh.0	https://hdl.handle.net/11858/00-1734-0000-0002-4035-2
Brentano, Clemens	Märchen	Das Märchen von Gockel und Hinkel	kqfw.0	https://hdl.handle.net/11858/00-1734-0000-0002-3F1D-0
Brentano, Clemens	Märchen	Das Märchen von Komanditchen	kr5v.0	https://hdl.handle.net/11858/00-1734-0000-0002-417D-7
Brentano, Clemens	Märchen	Das Märchen von Schnürlieschen	kqhb.0	https://hdl.handle.net/11858/00-1734-0000-0002-3F48-0
Chamisso, Adelbert	Erzählung	Adelberts Fabel	kvsm.0	https://hdl.handle.net/11858/00-1734-0000-0002-4D5C-4
Chamisso, Adelbert	Erzählung	Peter Schlemihls wundersame Geschichte	kw7f.0	https://hdl.handle.net/11858/00-1734-0000-0002-4ED0-1
Droste-Hülshoff, Annette von	Erzählung	Ledwina	mjsp.0	https://hdl.handle.net/11858/00-1734-0000-0002-85A7-2
Droste-Hülshoff, Annette von	Erzählung	Die Judenbuche	mjm4.0	https://hdl.handle.net/11858/00-1734-0000-0002-8505-C
Droste-Hülshoff, Annette von	Erzählung	Westfälische Schilderungen	mjs1.0	https://hdl.handle.net/11858/00-1734-0000-0002-8594-C
Droste-Hülshoff, Annette von	Erzählung	Bei uns zulande auf dem Lande	mjxs.0	https://hdl.handle.net/11858/00-1734-0000-0002-861E-E
Ebner-Eschenbach, Marie von	Roman	Bozena	mktk.0	https://hdl.handle.net/11858/00-1734-0000-0002-8903-1
Ebner-Eschenbach, Marie von	Roman	Lotti, die Uhrmacherin	mks6.0	https://hdl.handle.net/11858/00-1734-0000-0002-88DD-0
Ebner-Eschenbach, Marie von	Roman	Ein kleiner Roman	mksr.0	https://hdl.handle.net/11858/00-1734-0000-0002-88EA-1
Ebner-Eschenbach, Marie von	Roman	Das Gemeindekind	mksw.0	https://hdl.handle.net/11858/00-1734-0000-0002-88F0-2
Ebner-Eschenbach, Marie von	Roman	Unsühnbar	mkrx.0	https://hdl.handle.net/11858/00-1734-0000-0002-88D4-2
Ebner-Eschenbach, Marie von	Erzählung	Ein Spätgeborner	mksh.0	https://hdl.handle.net/11858/00-1734-0000-0002-88E6-9
Ebner-Eschenbach, Marie von	Erzählung	Die Freiherren von Gemperlein	mkt1.0	https://hdl.handle.net/11858/00-1734-0000-0002-88F5-7
Ebner-Eschenbach, Marie von	Erzählung	Nach dem Tode	mktt.0	https://hdl.handle.net/11858/00-1734-0000-0002-890A-4
Ebner-Eschenbach, Marie von	Erzählung	Die Poesie des Unbewussten	mkv2.0	https://hdl.handle.net/11858/00-1734-0000-0002-8911-1
Ebner-Eschenbach, Marie von	Erzählung	Krambambuli	mktb.0	https://hdl.handle.net/11858/00-1734-0000-0002-88FF-4
Ebner-Eschenbach, Marie von	Erzählung	Der Kreisphysikus	mks3.0	https://hdl.handle.net/11858/00-1734-0000-0002-88DA-5
Ebner-Eschenbach, Marie von	Erzählung	Der gute Mond	mkv5.0	https://hdl.handle.net/11858/00-1734-0000-0002-8915-A
Ebner-Eschenbach, Marie von	Erzählung	Er laßt die Hand küssen	mkt4.0	https://hdl.handle.net/11858/00-1734-0000-0002-88F9-0
Ebner-Eschenbach, Marie von	Erzählung	Ihr Traum	mktq.0	https://hdl.handle.net/11858/00-1734-0000-0002-8907-A
Ebner-Eschenbach, Marie von	Erzählung	Das Schädliche	mksk.0	https://hdl.handle.net/11858/00-1734-0000-0002-88E7-7
Ebner-Eschenbach, Marie von	Erzählung	Maslans Frau	mktf.0	https://hdl.handle.net/11858/00-1734-0000-0002-8900-7
Ebner-Eschenbach, Marie von	Erzählung	Der Vorzugsschüler	mkrz.0	https://hdl.handle.net/11858/00-1734-0000-0002-88D7-B
Ebner-Eschenbach, Marie von	Erzählung	Agave	mks8.0	https://hdl.handle.net/11858/00-1734-0000-0002-88DF-C
Ebner-Eschenbach, Marie von	Erzählung	Der Herr Hofrat	mkt8.0	https://hdl.handle.net/11858/00-1734-0000-0002-88FA-E
Eichendorff, Joseph von	Roman	Ahnung und Gegenwart	mr23.0	https://hdl.handle.net/11858/00-1734-0000-0002-96DE-E
Eichendorff, Joseph von	Erzählung	Die Zauberei im Herbste	mr68.0	https://hdl.handle.net/11858/00-1734-0000-0002-9758-3
Eichendorff, Joseph von	Erzählung	Das Marmorbild	mrdx.0	https://hdl.handle.net/11858/00-1734-0000-0002-9818-B
Eichendorff, Joseph von	Erzählung	Aus dem Leben eines Taugenichts	mrdv.0	https://hdl.handle.net/11858/00-1734-0000-0002-9813-6
Eichendorff, Joseph von	Erzählung	Viel Lärmen um Nichts	ms8d.0	https://hdl.handle.net/11858/00-1734-0000-0002-9ADD-E
Eichendorff, Joseph von	Erzählung	Auch ich war in Arkadien	msfh.0	https://hdl.handle.net/11858/00-1734-0000-0002-9B70-7
Eichendorff, Joseph von	Erzählung	Das Schloß Dürande	msns.0	https://hdl.handle.net/11858/00-1734-0000-0002-9C27-3
Eichendorff, Joseph von	Erzählung	Die Glücksritter	msfx.0	https://hdl.handle.net/11858/00-1734-0000-0002-9B7C-F
Fontane, Theodor	Roman	Vor dem Sturm	n11d.0	https://hdl.handle.net/11858/00-1734-0000-0002-AE7D-3
Fontane, Theodor	Roman	L'Adultera	n1ms.0	https://hdl.handle.net/11858/00-1734-0000-0002-B077-6
Fontane, Theodor	Roman	Graf Petöfy	n1zs.0	https://hdl.handle.net/11858/00-1734-0000-0002-B199-1
Fontane, Theodor	Roman	Cécile	n1s8.0	https://hdl.handle.net/11858/00-1734-0000-0002-B0F9-F
Fontane, Theodor	Roman	Irrungen, Wirrungen	n120.0	https://hdl.handle.net/11858/00-1734-0000-0002-AE91-4
Fontane, Theodor	Roman	Stine	n0zw.0	https://hdl.handle.net/11858/00-1734-0000-0002-AE53-0
Fontane, Theodor	Roman	Quitt	n1jh.0	https://hdl.handle.net/11858/00-1734-0000-0002-B036-5
Fontane, Theodor	Roman	Unwiederbringlich	n1zc.0	https://hdl.handle.net/11858/00-1734-0000-0002-B18B-1
Fontane, Theodor	Roman	Frau Jenny Treibel	n102.0	https://hdl.handle.net/11858/00-1734-0000-0002-AE56-A
Fontane, Theodor	Roman	Effi Briest	n18s.0	https://hdl.handle.net/11858/00-1734-0000-0002-AF56-2
Fontane, Theodor	Roman	Die Poggenpuhls	n1w4.0	https://hdl.handle.net/11858/00-1734-0000-0002-B14C-F
Fontane, Theodor	Roman	Der Stechlin	n144.0	https://hdl.handle.net/11858/00-1734-0000-0002-AECF-D
Fontane, Theodor	Erzählung	Grete Minde	n1mk.0	https://hdl.handle.net/11858/00-1734-0000-0002-B072-0
Fontane, Theodor	Erzählung	Ellernklipp	n13d.0	https://hdl.handle.net/11858/00-1734-0000-0002-AEB8-0
Fontane, Theodor	Erzählung	Schach von Wuthenow	n1df.0	https://hdl.handle.net/11858/00-1734-0000-0002-AFBF-9
Fontane, Theodor	Erzählung	Unterm Birnbaum	n1vw.0	https://hdl.handle.net/11858/00-1734-0000-0002-B144-0
Fontane, Theodor	Erzählung	Mathilde Möhring	n1zx.0	https://hdl.handle.net/11858/00-1734-0000-0002-B19D-A
Fouqué, Friedrich de la Motte	Erzählung	Eine Geschichte vom Galgenmännlein	n236.0	https://hdl.handle.net/11858/00-1734-0000-0002-B1FA-5
Fouqué, Friedrich de la Motte	Erzählung	Undine	n237.0	https://hdl.handle.net/11858/00-1734-0000-0002-B1FD-0
Franzos, Karl Emil	Roman	Der Pojaz	n25z.0	https://hdl.handle.net/11858/00-1734-0000-0002-B24B-9
Franzos, Karl Emil	Erzählung	Der Shylock von Barnow	n25m.0	https://hdl.handle.net/11858/00-1734-0000-0002-B242-C
Franzos, Karl Emil	Erzählung	Nach dem höheren Gesetz	n25b.0	https://hdl.handle.net/11858/00-1734-0000-0002-B23B-D
Franzos, Karl Emil	Erzählung	Zwei Retter	n25j.0	https://hdl.handle.net/11858/00-1734-0000-0002-B241-E
Franzos, Karl Emil	Erzählung	Der wilde Starost und die schöne Jütta	n266.0	https://hdl.handle.net/11858/00-1734-0000-0002-B252-8
Franzos, Karl Emil	Erzählung	Das »Kind der Sühne«	n26g.0	https://hdl.handle.net/11858/00-1734-0000-0002-B25C-3
Franzos, Karl Emil	Erzählung	Esterka Regina	n25t.0	https://hdl.handle.net/11858/00-1734-0000-0002-B24A-B
Franzos, Karl Emil	Erzählung	»Baron Schmule«	n256.0	https://hdl.handle.net/11858/00-1734-0000-0002-B237-6
Franzos, Karl Emil	Erzählung	Das Christusbild	n26k.0	https://hdl.handle.net/11858/00-1734-0000-0002-B25D-1
Franzos, Karl Emil	Erzählung	Ohne Inschrift	n25q.0	https://hdl.handle.net/11858/00-1734-0000-0002-B246-4
Franzos, Karl Emil	Erzählung	Leib Weihnachtskuchen und sein Kind	n263.0	https://hdl.handle.net/11858/00-1734-0000-0002-B24F-1
Freytag, Gustav	Roman	Soll und Haben	n2kd.0	https://hdl.handle.net/11858/00-1734-0000-0002-B398-2
Freytag, Gustav	Roman	Die verlorene Handschrift	n2k6.0	https://hdl.handle.net/11858/00-1734-0000-0002-B392-E
Freytag, Gustav	Roman	Die Ahnen	n2km.0	https://hdl.handle.net/11858/00-1734-0000-0002-B39E-5
Goethe, Johann Wolfgang von	Roman	Die Leiden des jungen Werther	11cvs.0	https://hdl.handle.net/11858/00-1734-0000-0006-5E1F-D
Goethe, Johann Wolfgang von	Roman	Die Wahlverwandtschaften	11hnq.0	https://hdl.handle.net/11858/00-1734-0000-0006-6A93-D
Goethe, Johann Wolfgang von	Roman	Wilhelm Meisters Wanderjahre	11h9k.0	https://hdl.handle.net/11858/00-1734-0000-0006-696F-9
Goethe, Johann Wolfgang von	Roman	Wilhelm Meisters Lehrjahre	11d3t.0	https://hdl.handle.net/11858/00-1734-0000-0006-5EED-C
Goethe, Johann Wolfgang von	Erzählung	Unterhaltungen deutscher Ausgewanderten	11f5v.0	https://hdl.handle.net/11858/00-1734-0000-0006-6271-6
Goethe, Johann Wolfgang von	Erzählung	Briefe aus der Schweiz. Erste Abteilung	11hgf.0	https://hdl.handle.net/11858/00-1734-0000-0006-69FC-9
Goethe, Johann Wolfgang von	Erzählung	Novelle	11dss.0	https://hdl.handle.net/11858/00-1734-0000-0006-612F-4
Günderode, Karoline von	Prosa	Geschichte eines Braminen	pb3p.0	https://hdl.handle.net/11858/00-1734-0000-0003-2072-5
Günderode, Karoline von	Prosa	Träume	pb0t.0	https://hdl.handle.net/11858/00-1734-0000-0003-201F-5
Günderode, Karoline von	Prosa	Ein Traum	pb4n.0	https://hdl.handle.net/11858/00-1734-0000-0003-208B-F
Günderode, Karoline von	Prosa	Die Nachtigall	p9zp.0	https://hdl.handle.net/11858/00-1734-0000-0003-1FFB-B
Günderode, Karoline von	Prosa	Das Reich der Töne	p9zr.0	https://hdl.handle.net/11858/00-1734-0000-0003-1FFD-7
Günderode, Karoline von	Prosa	Die Musik	p9xp.0	https://hdl.handle.net/11858/00-1734-0000-0003-1FDD-F
Günderode, Karoline von	Prosa	Die Musik für mich	pb07.0	https://hdl.handle.net/11858/00-1734-0000-0003-200D-D
Günderode, Karoline von	Prosa	Allerley Gedanken	pb2h.0	https://hdl.handle.net/11858/00-1734-0000-0003-204E-C
Haller, Albrecht von	Roman	Usong	phwj.0	https://hdl.handle.net/11858/00-1734-0000-0003-3378-F
Hauff, Wilhelm	Roman	Lichtenstein	pkfv.0	https://hdl.handle.net/11858/00-1734-0000-0003-3899-E
Hauff, Wilhelm	Roman	Mitteilungen aus den Memoiren des Satan	pkf8.0	https://hdl.handle.net/11858/00-1734-0000-0003-3888-1
Hauff, Wilhelm	Erzählung	Phantasien im Bremer Ratskeller	pkg6.0	https://hdl.handle.net/11858/00-1734-0000-0003-38A4-3
Hauff, Wilhelm	Erzählung	Jud Süss	pkdd.0	https://hdl.handle.net/11858/00-1734-0000-0003-3870-6
Hauff, Wilhelm	Erzählung	Die Bettlerin vom Pont des Arts	pkdm.0	https://hdl.handle.net/11858/00-1734-0000-0003-3875-B
Hauff, Wilhelm	Erzählung	Das Bild des Kaisers	pkdv.0	https://hdl.handle.net/11858/00-1734-0000-0003-387C-E
Hauff, Wilhelm	Märchen	Märchen als Almanach	pkd2.0	https://hdl.handle.net/11858/00-1734-0000-0003-3867-B
Hauff, Wilhelm	Märchen	Die Karawane	pkfc.0	https://hdl.handle.net/11858/00-1734-0000-0003-388A-E
Hauff, Wilhelm	Märchen	Der Scheik von Alessandria und seine Sklaven	pkgf.0	https://hdl.handle.net/11858/00-1734-0000-0003-38AC-4
Hauff, Wilhelm	Märchen	Das Wirtshaus im Spessart	pkd7.0	https://hdl.handle.net/11858/00-1734-0000-0003-386B-3
Heyse, Paul	Erzählung	L' Arrabbiata	q4mc.0	https://hdl.handle.net/11858/00-1734-0000-0003-66B8-3
Heyse, Paul	Erzählung	Andrea Delfin	q4k5.0	https://hdl.handle.net/11858/00-1734-0000-0003-6694-4
Hölderlin, Friedrich	Roman	Fragment von Hyperion	qf37.0	https://hdl.handle.net/11858/00-1734-0000-0003-7ABC-7
Hölderlin, Friedrich	Roman	Hyperions Jugend	qdzv.0	https://hdl.handle.net/11858/00-1734-0000-0003-7A58-5
Hölderlin, Friedrich	Roman	Hyperion oder der Eremit in Griechenland	qfqc.0	https://hdl.handle.net/11858/00-1734-0000-0003-7CC8-A
Hoffmann, E. T. A.	Roman	Die Elixiere des Teufels	q5vg.0	https://hdl.handle.net/11858/00-1734-0000-0003-6ACD-6
Hoffmann, E. T. A.	Roman	Lebensansichten des Katers Murr	q5t4.0	https://hdl.handle.net/11858/00-1734-0000-0003-6AA5-B
Hoffmann, E. T. A.	Erzählung/Märchen	Fantasiestücke in Callots Manier	q5vx.0	https://hdl.handle.net/11858/00-1734-0000-0003-6AD8-C
Hoffmann, E. T. A.	Erzählung/Märchen	Der Sandmann	q5sh.0	https://hdl.handle.net/11858/00-1734-0000-0003-6A94-2
Hoffmann, E. T. A.	Erzählung/Märchen	Ignaz Denner	q5r1.0	https://hdl.handle.net/11858/00-1734-0000-0003-6A69-4
Hoffmann, E. T. A.	Erzählung/Märchen	Die Jesuiterkirche in G.	q5rt.0	https://hdl.handle.net/11858/00-1734-0000-0003-6A80-E
Hoffmann, E. T. A.	Erzählung/Märchen	Das Sanctus	q5qn.0	https://hdl.handle.net/11858/00-1734-0000-0003-6A5F-B
Hoffmann, E. T. A.	Erzählung/Märchen	Das öde Haus	q5sr.0	https://hdl.handle.net/11858/00-1734-0000-0003-6A9B-3
Hoffmann, E. T. A.	Erzählung/Märchen	Das Majorat	q5vp.0	https://hdl.handle.net/11858/00-1734-0000-0003-6AD2-7
Hoffmann, E. T. A.	Erzählung/Märchen	Das Gelübde	q5ts.0	https://hdl.handle.net/11858/00-1734-0000-0003-6ABA-E
Hoffmann, E. T. A.	Erzählung/Märchen	Das steinerne Herz	q5sz.0	https://hdl.handle.net/11858/00-1734-0000-0003-6AA1-4
Hoffmann, E. T. A.	Erzählung/Märchen	Seltsame Leiden eines Theaterdirektors	q5s2.0	https://hdl.handle.net/11858/00-1734-0000-0003-6A86-2
Hoffmann, E. T. A.	Erzählung/Märchen	Klein Zaches	q5rj.0	https://hdl.handle.net/11858/00-1734-0000-0003-6A78-2
Hoffmann, E. T. A.	Erzählung/Märchen	Die Serapionsbrüder	q5v1.0	https://hdl.handle.net/11858/00-1734-0000-0003-6AC0-F
Hoffmann, E. T. A.	Erzählung/Märchen	Prinzessin Brambilla	q5x1.0	https://hdl.handle.net/11858/00-1734-0000-0003-6AF9-2
Hoffmann, E. T. A.	Erzählung/Märchen	Meister Floh	q5z0.0	https://hdl.handle.net/11858/00-1734-0000-0003-6B18-3
Hoffmann, E. T. A.	Erzählung/Märchen	Haimatochare	q5tv.0	https://hdl.handle.net/11858/00-1734-0000-0003-6ABC-A
Hoffmann, E. T. A.	Erzählung/Märchen	Die Marquise de la Pivardiere	q5t9.0	https://hdl.handle.net/11858/00-1734-0000-0003-6AAB-0
Hoffmann, E. T. A.	Erzählung/Märchen	Die Irrungen	q5z6.0	https://hdl.handle.net/11858/00-1734-0000-0003-6B1D-A
Hoffmann, E. T. A.	Erzählung/Märchen	Die Geheimnisse	q5w4.0	https://hdl.handle.net/11858/00-1734-0000-0003-6ADF-D
Hoffmann, E. T. A.	Erzählung/Märchen	Der Elementargeist	q5zg.0	https://hdl.handle.net/11858/00-1734-0000-0003-6B25-3
Hoffmann, E. T. A.	Erzählung/Märchen	Die Räuber	q5tj.0	https://hdl.handle.net/11858/00-1734-0000-0003-6AB4-9
Hoffmann, E. T. A.	Erzählung/Märchen	Die Doppeltgänger	q5ww.0	https://hdl.handle.net/11858/00-1734-0000-0003-6AF7-6
Hoffmann, E. T. A.	Erzählung/Märchen	Datura fastuosa	q5v3.0	https://hdl.handle.net/11858/00-1734-0000-0003-6AC2-B
Hoffmann, E. T. A.	Erzählung/Märchen	Des Vetters Eckfenster	q5x7.0	https://hdl.handle.net/11858/00-1734-0000-0003-6B00-8
Hoffmann, E. T. A.	Erzählung/Märchen	Naivetät	q5z5.0	https://hdl.handle.net/11858/00-1734-0000-0003-6B19-1
Hoffmann, E. T. A.	Erzählung/Märchen	Die Genesung	q5zd.0	https://hdl.handle.net/11858/00-1734-0000-0003-6B22-9
Hoffmann, E. T. A.	Erzählung/Märchen	Neueste Schicksale eines abenteuerlichen Mannes	q5wq.0	https://hdl.handle.net/11858/00-1734-0000-0003-6AF1-1
Hoffmann, E. T. A.	Erzählung/Märchen	Meister Johannes Wacht	q5qs.0	https://hdl.handle.net/11858/00-1734-0000-0003-6A62-1
Hoffmann, E. T. A.	Erzählung/Märchen	Der Feind	q5s9.0	https://hdl.handle.net/11858/00-1734-0000-0003-6A8E-1
Jean Paul	Roman/Erzählung	Die unsichtbare Loge	qmrm.0	https://hdl.handle.net/11858/00-1734-0000-0003-8D61-7
Jean Paul	Roman/Erzählung	Hesperus oder 45 Hundsposttage	qmrb.0	https://hdl.handle.net/11858/00-1734-0000-0003-8D56-1
Jean Paul	Roman/Erzählung	Leben des Quintus Fixlein	qmrg.0	https://hdl.handle.net/11858/00-1734-0000-0003-8D5E-2
Jean Paul	Roman/Erzählung	Blumen-, Frucht- und Dornenstücke	qmrz.0	https://hdl.handle.net/11858/00-1734-0000-0003-8D6A-6
Jean Paul	Roman/Erzählung	Titan	qmqn.0	https://hdl.handle.net/11858/00-1734-0000-0003-8D44-B
Jean Paul	Roman/Erzählung	Des Luftschiffers Giannozzo Seebuch	qmqw.0	https://hdl.handle.net/11858/00-1734-0000-0003-8D4C-C
Jean Paul	Roman/Erzählung	Die wunderbare Gesellschaft in der Neujahrsnacht	qmr1.0	https://hdl.handle.net/11858/00-1734-0000-0003-8D4D-A
Jean Paul	Roman/Erzählung	Flegeljahre	qmqk.0	https://hdl.handle.net/11858/00-1734-0000-0003-8D43-D
Jean Paul	Roman/Erzählung	Des Feldpredigers Schmelzle Reise nach Flätz	qmqs.0	https://hdl.handle.net/11858/00-1734-0000-0003-8D48-3
Jean Paul	Roman/Erzählung	Dr. Katzenbergers Badereise	qmqd.0	https://hdl.handle.net/11858/00-1734-0000-0003-8D3E-C
Jensen, Wilhelm	Erzählung	Gradiva	qms5.0	https://hdl.handle.net/11858/00-1734-0000-0003-8D6F-B
Keller, Gottfried	Roman	Der grüne Heinrich [Erste Fassung]	qrq0.0	https://hdl.handle.net/11858/00-1734-0000-0003-9A64-B
Keller, Gottfried	Roman	Der grüne Heinrich [Zweite Fassung]	qt4h.0	https://hdl.handle.net/11858/00-1734-0000-0003-9F19-F
Keller, Gottfried	Roman	Martin Salander	qrx0.0	https://hdl.handle.net/11858/00-1734-0000-0003-9B13-A
Keller, Gottfried	Erzählung	Pankraz, der Schmoller	qr9h.0	https://hdl.handle.net/11858/00-1734-0000-0003-9918-0
Keller, Gottfried	Erzählung	Romeo und Julia auf dem Dorfe	qsdj.0	https://hdl.handle.net/11858/00-1734-0000-0003-9CB8-0
Keller, Gottfried	Erzählung	Frau Regel Amrain und ihr Jüngster	qsm7.0	https://hdl.handle.net/11858/00-1734-0000-0003-9D5C-5
Keller, Gottfried	Erzählung	Die drei gerechten Kammacher	qr5n.0	https://hdl.handle.net/11858/00-1734-0000-0003-98A5-9
Keller, Gottfried	Erzählung	Spiegel, das Kätzchen. Ein Märchen	qsbq.0	https://hdl.handle.net/11858/00-1734-0000-0003-9C83-4
Keller, Gottfried	Erzählung	Kleider machen Leute	qs8c.0	https://hdl.handle.net/11858/00-1734-0000-0003-9C41-7
Keller, Gottfried	Erzählung	Der Schmied seines Glückes	qs1s.0	https://hdl.handle.net/11858/00-1734-0000-0003-9B81-0
Keller, Gottfried	Erzählung	Die mißbrauchten Liebesbriefe	qrrp.0	https://hdl.handle.net/11858/00-1734-0000-0003-9A96-A
Keller, Gottfried	Erzählung	Dietegen	qr91.0	https://hdl.handle.net/11858/00-1734-0000-0003-9909-0
Keller, Gottfried	Erzählung	Das verlorne Lachen	qs5x.0	https://hdl.handle.net/11858/00-1734-0000-0003-9BF7-A
Keller, Gottfried	Erzählung	Züricher Novellen (Erster Band)	qsj0.0	https://hdl.handle.net/11858/00-1734-0000-0003-9D1C-6
Keller, Gottfried	Erzählung	Das Fähnlein der sieben Aufrechten	qs88.0	https://hdl.handle.net/11858/00-1734-0000-0003-9C3C-6
Keller, Gottfried	Erzählung	Ursula	qt2x.0	https://hdl.handle.net/11858/00-1734-0000-0003-9EEA-3
Keller, Gottfried	Erzählung	Das Sinngedicht	qsvt.0	https://hdl.handle.net/11858/00-1734-0000-0003-9E39-F
Keller, Gottfried	Legende	Eugenia	qsvn.0	https://hdl.handle.net/11858/00-1734-0000-0003-9E34-A
Keller, Gottfried	Legende	Die Jungfrau und der Teufel	qsg1.0	https://hdl.handle.net/11858/00-1734-0000-0003-9CE2-0
Keller, Gottfried	Legende	Die Jungfrau als Ritter	qtbm.0	https://hdl.handle.net/11858/00-1734-0000-0003-9FC9-5
Keller, Gottfried	Legende	Die Jungfrau und die Nonne	qsgj.0	https://hdl.handle.net/11858/00-1734-0000-0003-9CF2-C
Keller, Gottfried	Legende	Der schlimm-heilige Vitalis	qr0g.0	https://hdl.handle.net/11858/00-1734-0000-0003-9811-4
Keller, Gottfried	Legende	Dorotheas Blumenkörbchen	qt2r.0	https://hdl.handle.net/11858/00-1734-0000-0003-9EE6-B
Keller, Gottfried	Legende	Das Tanzlegendchen	qscd.0	https://hdl.handle.net/11858/00-1734-0000-0003-9C97-7
Kerner, Justinus	Erzählung	Die Heimatlosen	qw19.0	https://hdl.handle.net/11858/00-1734-0000-0003-A54D-8
Kleist, Heinrich von	Erzählprosa	Michael Kohlhaas	r0tg.0	https://hdl.handle.net/11858/00-1734-0000-0003-B1C9-6
Kleist, Heinrich von	Erzählprosa	Die Marquise von O…	r0z9.0	https://hdl.handle.net/11858/00-1734-0000-0003-B239-B
Kleist, Heinrich von	Erzählprosa	Das Erdbeben in Chili	r0tw.0	https://hdl.handle.net/11858/00-1734-0000-0003-B1D4-C
Kleist, Heinrich von	Erzählprosa	Die Verlobung in St. Domingo	r0hw.0	https://hdl.handle.net/11858/00-1734-0000-0003-B0CF-2
Kleist, Heinrich von	Erzählprosa	Das Bettelweib von Locarno	r0j7.0	https://hdl.handle.net/11858/00-1734-0000-0003-B0DA-8
Kleist, Heinrich von	Erzählprosa	Der Findling	r0r7.0	https://hdl.handle.net/11858/00-1734-0000-0003-B186-9
Kleist, Heinrich von	Erzählprosa	Die heilige Cäcilie	r0xs.0	https://hdl.handle.net/11858/00-1734-0000-0003-B229-F
Kleist, Heinrich von	Erzählprosa	Der Zweikampf	r0v8.0	https://hdl.handle.net/11858/00-1734-0000-0003-B1DF-5
Kleist, Heinrich von	Erzählprosa	Tagesbegebenheit	r0sf.0	https://hdl.handle.net/11858/00-1734-0000-0003-B1AB-A
Kleist, Heinrich von	Erzählprosa	Franzosen-Billigkeit	r0jk.0	https://hdl.handle.net/11858/00-1734-0000-0003-B0E2-3
Kleist, Heinrich von	Erzählprosa	Der verlegene Magistrat	r0m3.0	https://hdl.handle.net/11858/00-1734-0000-0003-B10F-A
Kleist, Heinrich von	Erzählprosa	Der Griffel Gottes	r0gr.0	https://hdl.handle.net/11858/00-1734-0000-0003-B0B0-2
Kleist, Heinrich von	Erzählprosa	Anekdote aus dem letzten preußischen Kriege	r0kw.0	https://hdl.handle.net/11858/00-1734-0000-0003-B10B-1
Kleist, Heinrich von	Erzählprosa	Mutwille des Himmels	r0td.0	https://hdl.handle.net/11858/00-1734-0000-0003-B1C7-A
Kleist, Heinrich von	Erzählprosa	Charité-Vorfall	r0gv.0	https://hdl.handle.net/11858/00-1734-0000-0003-B0B3-B
Kleist, Heinrich von	Erzählprosa	Der Branntweinsäufer und die Berliner Glocken	r0t8.0	https://hdl.handle.net/11858/00-1734-0000-0003-B1C2-3
Kleist, Heinrich von	Erzählprosa	Anekdote aus dem letzten Kriege	r0x0.0	https://hdl.handle.net/11858/00-1734-0000-0003-B210-5
Kleist, Heinrich von	Erzählprosa	Anekdote [Bach]	r0pp.0	https://hdl.handle.net/11858/00-1734-0000-0003-B15B-B
Kleist, Heinrich von	Erzählprosa	Französisches Exerzitium	r0m8.0	https://hdl.handle.net/11858/00-1734-0000-0003-B114-B
Kleist, Heinrich von	Erzählprosa	Rätsel	r0mz.0	https://hdl.handle.net/11858/00-1734-0000-0003-B126-1
Kleist, Heinrich von	Erzählprosa	Tagesereignis [Ulan Hahn]	r0wh.0	https://hdl.handle.net/11858/00-1734-0000-0003-B201-7
Kleist, Heinrich von	Erzählprosa	Korrespondenznachricht [Unzelmann]	r0wk.0	https://hdl.handle.net/11858/00-1734-0000-0003-B205-0
Kleist, Heinrich von	Erzählprosa	Anekdote [Napoleon]	r0rz.0	https://hdl.handle.net/11858/00-1734-0000-0003-B19D-8
Kleist, Heinrich von	Erzählprosa	Uralte Reichstagsfeierlichkeit, oder Kampf der Blinden mit dem Schweine	r0x5.0	https://hdl.handle.net/11858/00-1734-0000-0003-B216-A
Kleist, Heinrich von	Erzählprosa	Anekdote [Baxter]	r0km.0	https://hdl.handle.net/11858/00-1734-0000-0003-B102-4
Kleist, Heinrich von	Erzählprosa	Anekdote [Zar Iwan]	r0kq.0	https://hdl.handle.net/11858/00-1734-0000-0003-B104-F
Kleist, Heinrich von	Erzählprosa	Anekdote [Kapuziner]	r0gn.0	https://hdl.handle.net/11858/00-1734-0000-0003-B0AD-C
Kleist, Heinrich von	Erzählprosa	Anekdote [Diogenes]	r0vz.0	https://hdl.handle.net/11858/00-1734-0000-0003-B1F3-6
Kleist, Heinrich von	Erzählprosa	Helgoländisches Gottesgericht	r0jh.0	https://hdl.handle.net/11858/00-1734-0000-0003-B0E1-5
Kleist, Heinrich von	Erzählprosa	Anekdote [Jonas]	r0wr.0	https://hdl.handle.net/11858/00-1734-0000-0003-B20B-4
Kleist, Heinrich von	Erzählprosa	Sonderbare Geschichte, die sich, zu meiner Zeit, in Italien	r0t0.0	https://hdl.handle.net/11858/00-1734-0000-0003-B1BC-4
Kleist, Heinrich von	Erzählprosa	Neujahrswunsch eines Feuerwerkers	r0sp.0	https://hdl.handle.net/11858/00-1734-0000-0003-B1B2-7
Kleist, Heinrich von	Erzählprosa	Der Neuere (glücklichere) Werther	r0rg.0	https://hdl.handle.net/11858/00-1734-0000-0003-B18D-C
Kleist, Heinrich von	Erzählprosa	Beispiel einer unerhörten Mordbrennerei	r0vp.0	https://hdl.handle.net/11858/00-1734-0000-0003-B1EC-7
Kleist, Heinrich von	Erzählprosa	Merkwürdige Prophezeiung	r0s2.0	https://hdl.handle.net/11858/00-1734-0000-0003-B19E-6
Kleist, Heinrich von	Erzählprosa	Mutterliebe	r0qh.0	https://hdl.handle.net/11858/00-1734-0000-0003-B172-6
Kleist, Heinrich von	Erzählprosa	Beitrag zur Naturgeschichte des Menschen	r0v5.0	https://hdl.handle.net/11858/00-1734-0000-0003-B1DA-F
Kleist, Heinrich von	Erzählprosa	Unwahrscheinliche Wahrhaftigkeiten	r0p3.0	https://hdl.handle.net/11858/00-1734-0000-0003-B14B-F
Kleist, Heinrich von	Erzählprosa	Wassermänner und Sirenen	r0v9.0	https://hdl.handle.net/11858/00-1734-0000-0003-B1E0-0
Kleist, Heinrich von	Erzählprosa	Sonderbarer Rechtsfall in England	r0p7.0	https://hdl.handle.net/11858/00-1734-0000-0003-B14E-9
Kleist, Heinrich von	Erzählprosa	Geschichte eines merkwürdigen Zweikampfs	r0n9.0	https://hdl.handle.net/11858/00-1734-0000-0003-B133-3
Kleist, Heinrich von	Erzählprosa	Geistererscheinung	r0n4.0	https://hdl.handle.net/11858/00-1734-0000-0003-B12E-2
Kleist, Heinrich von	Erzählprosa	Die Hunde und der Vogel	r0zq.0	https://hdl.handle.net/11858/00-1734-0000-0003-B242-6
Kleist, Heinrich von	Erzählprosa	Die Fabel ohne Moral	r0s8.0	https://hdl.handle.net/11858/00-1734-0000-0003-B1A6-3
Klingemann, August	Roman	Die Nachtwachen des Bonaventura	r11v.0	https://hdl.handle.net/11858/00-1734-0000-0003-B281-9
Liebeskind, Margareta Sophia	Roman	Maria	rmq5.0	https://hdl.handle.net/11858/00-1734-0000-0003-EC8D-9
Ludwig, Otto	Erzählung	Zwischen Himmel und Erde	s6mg.0	https://hdl.handle.net/11858/00-1734-0000-0004-242D-9
Ludwig, Otto	Erzählung	Die Heiteretei und ihr Widerspiel	s6kx.0	https://hdl.handle.net/11858/00-1734-0000-0004-241D-D
Mereau, Sophie	Roman	Das Blüthenalter der Empfindung	scb6.0	https://hdl.handle.net/11858/00-1734-0000-0004-33A7-B
Mereau, Sophie	Roman	Amanda und Eduard	scb3.0	https://hdl.handle.net/11858/00-1734-0000-0004-33A3-4
Meyer, Conrad Ferdinand	Erzählung	Das Amulett	sczz.0	https://hdl.handle.net/11858/00-1734-0000-0004-35C6-8
Meyer, Conrad Ferdinand	Erzählung	Jürg Jenatsch	sd2n.0	https://hdl.handle.net/11858/00-1734-0000-0004-3615-0
Meyer, Conrad Ferdinand	Erzählung	Der Schuß von der Kanzel	sd2r.0	https://hdl.handle.net/11858/00-1734-0000-0004-3616-E
Meyer, Conrad Ferdinand	Erzählung	Der Heilige	sd19.0	https://hdl.handle.net/11858/00-1734-0000-0004-35EE-0
Meyer, Conrad Ferdinand	Erzählung	Gustav Adolfs Page	scvn.0	https://hdl.handle.net/11858/00-1734-0000-0004-3565-F
Meyer, Conrad Ferdinand	Erzählung	Das Leiden eines Knaben	scjd.0	https://hdl.handle.net/11858/00-1734-0000-0004-345B-F
Meyer, Conrad Ferdinand	Erzählung	Die Hochzeit des Mönchs	sd05.0	https://hdl.handle.net/11858/00-1734-0000-0004-35CB-D
Meyer, Conrad Ferdinand	Erzählung	Die Richterin	sch0.0	https://hdl.handle.net/11858/00-1734-0000-0004-3434-5
Meyer, Conrad Ferdinand	Erzählung	Die Versuchung des Pescara	sd50.0	https://hdl.handle.net/11858/00-1734-0000-0004-3659-7
Meyer, Conrad Ferdinand	Erzählung	Angela Borgia	sd5s.0	https://hdl.handle.net/11858/00-1734-0000-0004-3670-2
Meyer, Conrad Ferdinand	Erzählung	Plautus im Nonnenkloster	scqt.0	https://hdl.handle.net/11858/00-1734-0000-0004-34FA-B
Moritz, Karl Philipp	Roman	Anton Reiser	sj4p.0	https://hdl.handle.net/11858/00-1734-0000-0004-4369-7
Moritz, Karl Philipp	Roman	Andreas Hartknopf. Eine Allegorie	sj4c.0	https://hdl.handle.net/11858/00-1734-0000-0004-4360-A
Moritz, Karl Philipp	Roman	Andreas Hartknopfs Predigerjahre	sj4j.0	https://hdl.handle.net/11858/00-1734-0000-0004-4366-D
Mundt, Theodor	Roman	Madonna. Unterhaltungen mit einer Heiligen	sss3.0	https://hdl.handle.net/11858/00-1734-0000-0004-5C81-A
Novalis	Roman	Die Lehrlinge zu Sais	sv65.0	https://hdl.handle.net/11858/00-1734-0000-0004-6129-B
Novalis	Roman	Heinrich von Ofterdingen	sv8s.0	https://hdl.handle.net/11858/00-1734-0000-0004-6174-3
Raabe, Wilhelm	Roman	Die Chronik der Sperlingsgasse	t91t.0	https://hdl.handle.net/11858/00-1734-0000-0004-8B2A-6
Raabe, Wilhelm	Roman	Die Leute aus dem Walde, ihre Sterne, Wege und Schicksale	t91d.0	https://hdl.handle.net/11858/00-1734-0000-0004-8B1B-8
Raabe, Wilhelm	Roman	Der Hungerpastor	t91p.0	https://hdl.handle.net/11858/00-1734-0000-0004-8B27-C
Raabe, Wilhelm	Roman	Abu Telfan oder Die Heimkehr vom Mondgebirge	t925.0	https://hdl.handle.net/11858/00-1734-0000-0004-8B32-1
Raabe, Wilhelm	Roman	Der Schüdderump	t90m.0	https://hdl.handle.net/11858/00-1734-0000-0004-8B07-5
Raabe, Wilhelm	Roman	Alte Nester	t90v.0	https://hdl.handle.net/11858/00-1734-0000-0004-8B0E-8
Raabe, Wilhelm	Roman	Im alten Eisen	t913.0	https://hdl.handle.net/11858/00-1734-0000-0004-8B14-5
Raabe, Wilhelm	Roman	Stopfkuchen. Eine See- und Mordgeschichte	t90j.0	https://hdl.handle.net/11858/00-1734-0000-0004-8B05-9
Raabe, Wilhelm	Roman	Die Akten des Vogelsangs	t90r.0	https://hdl.handle.net/11858/00-1734-0000-0004-8B0A-0
Raabe, Wilhelm	Erzählung	Die schwarze Galeere	t91j.0	https://hdl.handle.net/11858/00-1734-0000-0004-8B20-9
Raabe, Wilhelm	Erzählung	Else von der Tanne	t914.0	https://hdl.handle.net/11858/00-1734-0000-0004-8B16-1
Raabe, Wilhelm	Erzählung	Die Gänse von Bützow	t921.0	https://hdl.handle.net/11858/00-1734-0000-0004-8B30-5
Raabe, Wilhelm	Erzählung	Frau Salome	t91m.0	https://hdl.handle.net/11858/00-1734-0000-0004-8B23-3
Raabe, Wilhelm	Erzählung	Das Odfeld	t917.0	https://hdl.handle.net/11858/00-1734-0000-0004-8B18-E
Raabe, Wilhelm	Erzählung	Hastenbeck	t90z.0	https://hdl.handle.net/11858/00-1734-0000-0004-8B0F-6
Saar, Ferdinand von	Erzählung	Innocens	tntp.0	https://hdl.handle.net/11858/00-1734-0000-0004-AE93-B
Saar, Ferdinand von	Erzählung	Marianne	tng9.0	https://hdl.handle.net/11858/00-1734-0000-0004-AD68-6
Saar, Ferdinand von	Erzählung	Die Steinklopfer	tnm8.0	https://hdl.handle.net/11858/00-1734-0000-0004-ADDA-8
Saar, Ferdinand von	Erzählung	Die Geigerin	tnt7.0	https://hdl.handle.net/11858/00-1734-0000-0004-AE86-9
Saar, Ferdinand von	Erzählung	Das Haus Reichegg	tnz5.0	https://hdl.handle.net/11858/00-1734-0000-0004-AEF7-D
Saar, Ferdinand von	Erzählung	Vae victis!	tntk.0	https://hdl.handle.net/11858/00-1734-0000-0004-AE90-2
Saar, Ferdinand von	Erzählung	Der »Exzellenzherr«	tp4g.0	https://hdl.handle.net/11858/00-1734-0000-0004-AF92-3
Saar, Ferdinand von	Erzählung	Tambi	tnwr.0	https://hdl.handle.net/11858/00-1734-0000-0004-AECE-B
Saar, Ferdinand von	Erzählung	Leutnant Burda	tp1b.0	https://hdl.handle.net/11858/00-1734-0000-0004-AF35-4
Saar, Ferdinand von	Erzählung	Seligmann Hirsch	tnsb.0	https://hdl.handle.net/11858/00-1734-0000-0004-AE6B-7
Saar, Ferdinand von	Erzählung	Die Troglodytin	tnnx.0	https://hdl.handle.net/11858/00-1734-0000-0004-AE08-7
Saar, Ferdinand von	Erzählung	Ginevra	tp5z.0	https://hdl.handle.net/11858/00-1734-0000-0004-AFBC-7
Saar, Ferdinand von	Erzählung	Geschichte eines Wienerkindes	tp5b.0	https://hdl.handle.net/11858/00-1734-0000-0004-AFAB-D
Saar, Ferdinand von	Erzählung	Schloß Kostenitz	tnvn.0	https://hdl.handle.net/11858/00-1734-0000-0004-AEAF-2
Saar, Ferdinand von	Erzählung	Herr Fridolin und sein Glück	tnjj.0	https://hdl.handle.net/11858/00-1734-0000-0004-ADA8-5
Saar, Ferdinand von	Erzählung	Ninon	tp26.0	https://hdl.handle.net/11858/00-1734-0000-0004-AF51-4
Saar, Ferdinand von	Erzählung	Requiem der Liebe	tnpr.0	https://hdl.handle.net/11858/00-1734-0000-0004-AE22-9
Saar, Ferdinand von	Erzählung	Doktor Trojan	tnq2.0	https://hdl.handle.net/11858/00-1734-0000-0004-AE2C-6
Saar, Ferdinand von	Erzählung	Conte Gasparo	tnn2.0	https://hdl.handle.net/11858/00-1734-0000-0004-ADF0-3
Saar, Ferdinand von	Erzählung	Sündenfall	tnh3.0	https://hdl.handle.net/11858/00-1734-0000-0004-AD7D-7
Saar, Ferdinand von	Erzählung	Die Brüder	tnxn.0	https://hdl.handle.net/11858/00-1734-0000-0004-AEEB-9
Saar, Ferdinand von	Erzählung	Die Parzen	tntg.0	https://hdl.handle.net/11858/00-1734-0000-0004-AE8D-C
Saar, Ferdinand von	Erzählung	Der Burggraf	tp48.0	https://hdl.handle.net/11858/00-1734-0000-0004-AF8C-4
Saar, Ferdinand von	Erzählung	Der Brauer von Habrovan	tnf8.0	https://hdl.handle.net/11858/00-1734-0000-0004-AD49-C
Saar, Ferdinand von	Erzählung	Außer Dienst	tnr4.0	https://hdl.handle.net/11858/00-1734-0000-0004-AE49-4
Saar, Ferdinand von	Erzählung	Die Heirat des Herrn Stäudl	tp1d.0	https://hdl.handle.net/11858/00-1734-0000-0004-AF38-D
Saar, Ferdinand von	Erzählung	Der Hellene	tnpm.0	https://hdl.handle.net/11858/00-1734-0000-0004-AE1C-C
Saar, Ferdinand von	Erzählung	Dissonanzen	tp2w.0	https://hdl.handle.net/11858/00-1734-0000-0004-AF64-9
Saar, Ferdinand von	Erzählung	Die Familie Worel	tp5d.0	https://hdl.handle.net/11858/00-1734-0000-0004-AFAC-B
Saar, Ferdinand von	Erzählung	Sappho	tnv0.0	https://hdl.handle.net/11858/00-1734-0000-0004-AE9E-6
Saar, Ferdinand von	Erzählung	Hymen	tnvp.0	https://hdl.handle.net/11858/00-1734-0000-0004-AEB2-7
Saar, Ferdinand von	Erzählung	Die Pfründner	tng2.0	https://hdl.handle.net/11858/00-1734-0000-0004-AD5E-D
Schiller, Friedrich	Erzählung	Der Verbrecher aus verlorener Ehre	v085.0	https://hdl.handle.net/11858/00-1734-0000-0004-CDEA-D
Schiller, Friedrich	Erzählung	Der Geisterseher	twqk.0	https://hdl.handle.net/11858/00-1734-0000-0004-C592-8
Schiller, Friedrich	Erzählung	Das philosophische Gespräch aus dem Geisterseher	v049.0	https://hdl.handle.net/11858/00-1734-0000-0004-CD79-D
Schiller, Friedrich	Erzählung	Merkwürdiges Beispiel einer weiblichen Rache	tx7k.0	https://hdl.handle.net/11858/00-1734-0000-0004-C746-4
Schlegel, Dorothea	Roman	Florentin	v2k7.0	https://hdl.handle.net/11858/00-1734-0000-0004-D582-9
Schlegel, Friedrich	Roman	Lucinde	v2n0.0	https://hdl.handle.net/11858/00-1734-0000-0004-D5B4-A
Stifter, Adalbert	Roman	Der Nachsommer	vs38.0	https://hdl.handle.net/11858/00-1734-0000-0005-18EB-F
Stifter, Adalbert	Roman	Witiko	vs2m.0	https://hdl.handle.net/11858/00-1734-0000-0005-18D7-C
Stifter, Adalbert	Erzählung	Der Condor	vs26.0	https://hdl.handle.net/11858/00-1734-0000-0005-18CB-8
Stifter, Adalbert	Erzählung	Feldblumen	vs1g.0	https://hdl.handle.net/11858/00-1734-0000-0005-18B7-5
Stifter, Adalbert	Erzählung	Das Haidedorf	vs1x.0	https://hdl.handle.net/11858/00-1734-0000-0005-18C6-1
Stifter, Adalbert	Erzählung	Der Hochwald	vs19.0	https://hdl.handle.net/11858/00-1734-0000-0005-18B4-B
Stifter, Adalbert	Erzählung	Die Narrenburg	vs2r.0	https://hdl.handle.net/11858/00-1734-0000-0005-18DB-4
Stifter, Adalbert	Erzählung	Die Mappe meines Urgroßvaters	vs27.0	https://hdl.handle.net/11858/00-1734-0000-0005-18D0-9
Stifter, Adalbert	Erzählung	Abdias	vs3g.0	https://hdl.handle.net/11858/00-1734-0000-0005-18F2-E
Stifter, Adalbert	Erzählung	Das alte Siegel	vs31.0	https://hdl.handle.net/11858/00-1734-0000-0005-18E6-A
Stifter, Adalbert	Erzählung	Brigitta	vs2f.0	https://hdl.handle.net/11858/00-1734-0000-0005-18D6-E
Stifter, Adalbert	Erzählung	Der Hagestolz	vs22.0	https://hdl.handle.net/11858/00-1734-0000-0005-18CA-A
Stifter, Adalbert	Erzählung	Der Waldsteig	vs1p.0	https://hdl.handle.net/11858/00-1734-0000-0005-18BD-A
Stifter, Adalbert	Erzählung	Zwei Schwestern	vs35.0	https://hdl.handle.net/11858/00-1734-0000-0005-18E8-6
Stifter, Adalbert	Erzählung	Der beschriebene Tännling	vs3z.0	https://hdl.handle.net/11858/00-1734-0000-0005-1902-2
Stifter, Adalbert	Erzählung	Granit	vs2d.0	https://hdl.handle.net/11858/00-1734-0000-0005-18D3-3
Stifter, Adalbert	Erzählung	Kalkstein	vs3s.0	https://hdl.handle.net/11858/00-1734-0000-0005-18F9-F
Stifter, Adalbert	Erzählung	Turmalin	vs1j.0	https://hdl.handle.net/11858/00-1734-0000-0005-18BC-C
Stifter, Adalbert	Erzählung	Bergkristall	vs43.0	https://hdl.handle.net/11858/00-1734-0000-0005-1905-B
Stifter, Adalbert	Erzählung	Katzensilber	vs18.0	https://hdl.handle.net/11858/00-1734-0000-0005-18B1-2
Stifter, Adalbert	Erzählung	Bergmilch	vs3w.0	https://hdl.handle.net/11858/00-1734-0000-0005-18FC-9
Stifter, Adalbert	Erzählung	Nachkommenschaften	vs2t.0	https://hdl.handle.net/11858/00-1734-0000-0005-18E0-5
Stifter, Adalbert	Erzählung	Der Waldbrunnen	vs2z.0	https://hdl.handle.net/11858/00-1734-0000-0005-18E3-0
Stifter, Adalbert	Erzählung	Der Kuß von Sentze	vs1s.0	https://hdl.handle.net/11858/00-1734-0000-0005-18C2-9
Stifter, Adalbert	Erzählung	Der fromme Spruch	vs3n.0	https://hdl.handle.net/11858/00-1734-0000-0005-18F7-4
Storm, Theodor	Erzählung	Marthe und ihre Uhr	vt7s.0	https://hdl.handle.net/11858/00-1734-0000-0005-1CB9-0
Storm, Theodor	Erzählung	Im Saal	vtd3.0	https://hdl.handle.net/11858/00-1734-0000-0005-1D35-0
Storm, Theodor	Erzählung	Immensee	vt89.0	https://hdl.handle.net/11858/00-1734-0000-0005-1CC7-1
Storm, Theodor	Erzählung	Auf dem Staatshof	vt84.0	https://hdl.handle.net/11858/00-1734-0000-0005-1CC1-D
Storm, Theodor	Erzählung	Veronika	vtkx.0	https://hdl.handle.net/11858/00-1734-0000-0005-1DDE-7
Storm, Theodor	Erzählung	Im Schloß	vtbf.0	https://hdl.handle.net/11858/00-1734-0000-0005-1D04-F
Storm, Theodor	Erzählung	Auf der Universität	vtcv.0	https://hdl.handle.net/11858/00-1734-0000-0005-1D2F-F
Storm, Theodor	Erzählung	Eine Malerarbeit	vtgj.0	https://hdl.handle.net/11858/00-1734-0000-0005-1D7C-1
Storm, Theodor	Erzählung	In St. Jürgen	vt6w.0	https://hdl.handle.net/11858/00-1734-0000-0005-1C9D-0
Storm, Theodor	Erzählung	Eine Halligfahrt	vt3d.0	https://hdl.handle.net/11858/00-1734-0000-0005-1C39-1
Storm, Theodor	Erzählung	Draußen im Heidedorf	vtnh.0	https://hdl.handle.net/11858/00-1734-0000-0005-1E0B-4
Storm, Theodor	Erzählung	Viola tricolor	vtmw.0	https://hdl.handle.net/11858/00-1734-0000-0005-1DF8-B
Storm, Theodor	Erzählung	Pole Poppenspäler	vt9d.0	https://hdl.handle.net/11858/00-1734-0000-0005-1CE5-E
Storm, Theodor	Erzählung	Waldwinkel	vt3b.0	https://hdl.handle.net/11858/00-1734-0000-0005-1C35-9
Storm, Theodor	Erzählung	Beim Vetter Christian	vszh.0	https://hdl.handle.net/11858/00-1734-0000-0005-1BC7-7
Storm, Theodor	Erzählung	Ein stiller Musikant	vthf.0	https://hdl.handle.net/11858/00-1734-0000-0005-1D95-7
Storm, Theodor	Erzählung	Psyche	vt49.0	https://hdl.handle.net/11858/00-1734-0000-0005-1C54-1
Storm, Theodor	Erzählung	Im Nachbarhause links	vt4m.0	https://hdl.handle.net/11858/00-1734-0000-0005-1C5E-D
Storm, Theodor	Erzählung	Aquis Submersus	vt29.0	https://hdl.handle.net/11858/00-1734-0000-0005-1C19-9
Storm, Theodor	Erzählung	Carsten Curator	vsx3.0	https://hdl.handle.net/11858/00-1734-0000-0005-1B9E-5
Storm, Theodor	Erzählung	Renate	vt2f.0	https://hdl.handle.net/11858/00-1734-0000-0005-1C1E-0
Storm, Theodor	Erzählung	Zur Wald- und Wasserfreude	vtcd.0	https://hdl.handle.net/11858/00-1734-0000-0005-1D23-7
Storm, Theodor	Erzählung	Eekenhof	vt81.0	https://hdl.handle.net/11858/00-1734-0000-0005-1CBF-4
Storm, Theodor	Erzählung	Im Brauerhause	vtkq.0	https://hdl.handle.net/11858/00-1734-0000-0005-1DD7-6
Storm, Theodor	Erzählung	Die Söhne des Senators	vsv0.0	https://hdl.handle.net/11858/00-1734-0000-0005-1B62-9
Storm, Theodor	Erzählung	Der Herr Etatsrat	vt5p.0	https://hdl.handle.net/11858/00-1734-0000-0005-1C79-F
Storm, Theodor	Erzählung	Hans und Heinz Kirch	vtgm.0	https://hdl.handle.net/11858/00-1734-0000-0005-1D7F-C
Storm, Theodor	Erzählung	Schweigen	vt45.0	https://hdl.handle.net/11858/00-1734-0000-0005-1C4F-F
Storm, Theodor	Erzählung	Zur Chronik von Grieshuus	vtjc.0	https://hdl.handle.net/11858/00-1734-0000-0005-1DB1-9
Storm, Theodor	Erzählung	Ein Fest auf Haderslevhuus	vtj3.0	https://hdl.handle.net/11858/00-1734-0000-0005-1DAA-C
Storm, Theodor	Erzählung	Es waren zwei Königskinder	vtmz.0	https://hdl.handle.net/11858/00-1734-0000-0005-1DFC-3
Storm, Theodor	Erzählung	John Riew'	vt8n.0	https://hdl.handle.net/11858/00-1734-0000-0005-1CD3-5
Storm, Theodor	Erzählung	Bötjer Basch	vt9f.0	https://hdl.handle.net/11858/00-1734-0000-0005-1CE9-6
Storm, Theodor	Erzählung	Ein Doppelgänger	vsvz.0	https://hdl.handle.net/11858/00-1734-0000-0005-1B7D-F
Storm, Theodor	Erzählung	Ein Bekenntnis	vth7.0	https://hdl.handle.net/11858/00-1734-0000-0005-1D91-F
Storm, Theodor	Erzählung	Der Schimmelreiter	vtb5.0	https://hdl.handle.net/11858/00-1734-0000-0005-1CFB-D
Storm, Theodor	Erzählung	Das Märchen von den drei Spinnfrauen	vt0q.0	https://hdl.handle.net/11858/00-1734-0000-0005-1BEC-8
Storm, Theodor	Erzählung	Se dohn sick wat to gude	vt4k.0	https://hdl.handle.net/11858/00-1734-0000-0005-1C5B-4
Storm, Theodor	Erzählung	»Dree to beed«	vsvs.0	https://hdl.handle.net/11858/00-1734-0000-0005-1B7A-6
Storm, Theodor	Märchen und Spukgeschichten	Der kleine Häwelmann	vt2p.0	https://hdl.handle.net/11858/00-1734-0000-0005-1C24-F
Storm, Theodor	Märchen und Spukgeschichten	Hinzelmeier	vtfn.0	https://hdl.handle.net/11858/00-1734-0000-0005-1D62-A
Storm, Theodor	Märchen und Spukgeschichten	Hans Bär	vsx0.0	https://hdl.handle.net/11858/00-1734-0000-0005-1B9B-B
Storm, Theodor	Märchen und Spukgeschichten	Am Kamin	vszv.0	https://hdl.handle.net/11858/00-1734-0000-0005-1BD1-F
Storm, Theodor	Märchen und Spukgeschichten	Die Regentrude	vt7k.0	https://hdl.handle.net/11858/00-1734-0000-0005-1CB2-D
Storm, Theodor	Märchen und Spukgeschichten	Bulemanns Haus	vtmg.0	https://hdl.handle.net/11858/00-1734-0000-0005-1DEE-3
Storm, Theodor	Märchen und Spukgeschichten	Der Spiegel des Cyprianus	vt1p.0	https://hdl.handle.net/11858/00-1734-0000-0005-1C07-2
Tieck, Ludwig	Roman	Geschichte des Herrn William Lovell	wdfg.0	https://hdl.handle.net/11858/00-1734-0000-0005-5534-1
Tieck, Ludwig	Roman	Franz Sternbalds Wanderungen	wd0w.0	https://hdl.handle.net/11858/00-1734-0000-0005-53C4-D
Tieck, Ludwig	Roman	Der junge Tischlermeister	wdnd.0	https://hdl.handle.net/11858/00-1734-0000-0005-55E0-0
Tieck, Ludwig	Roman	Vittoria Accorombona	wczf.0	https://hdl.handle.net/11858/00-1734-0000-0005-539B-B
Tieck, Ludwig	Erzählungen und Märchen	Peter Lebrecht	wdkw.0	https://hdl.handle.net/11858/00-1734-0000-0005-55B3-5
Tieck, Ludwig	Erzählungen und Märchen	Die beiden merkwürdigsten Tage aus Siegmunds Leben	wdcb.0	https://hdl.handle.net/11858/00-1734-0000-0005-54F4-C
Tieck, Ludwig	Erzählungen und Märchen	Die Geschichte von den Haimonskindern	wdgk.0	https://hdl.handle.net/11858/00-1734-0000-0005-5552-E
Tieck, Ludwig	Erzählungen und Märchen	Der blonde Eckbert	wd4q.0	https://hdl.handle.net/11858/00-1734-0000-0005-5434-B
Tieck, Ludwig	Erzählungen und Märchen	Der getreue Eckart und Der Tannenhäuser	wd12.0	https://hdl.handle.net/11858/00-1734-0000-0005-53CB-0
Tieck, Ludwig	Erzählungen und Märchen	Der Runenberg	wczz.0	https://hdl.handle.net/11858/00-1734-0000-0005-53A8-D
Tieck, Ludwig	Erzählungen und Märchen	Liebeszauber	wcv7.0	https://hdl.handle.net/11858/00-1734-0000-0005-533E-0
Tieck, Ludwig	Erzählungen und Märchen	Liebesgeschichte der schönen Magelone und des Grafen Peter von Provence	wdfn.0	https://hdl.handle.net/11858/00-1734-0000-0005-5536-E
Tieck, Ludwig	Erzählungen und Märchen	Die Elfen	wdb5.0	https://hdl.handle.net/11858/00-1734-0000-0005-54D3-5
Tieck, Ludwig	Erzählungen und Märchen	Der Pokal	wdz7.0	https://hdl.handle.net/11858/00-1734-0000-0005-56DF-A
Tieck, Ludwig	Erzählungen und Märchen	Die Gemälde	wdp0.0	https://hdl.handle.net/11858/00-1734-0000-0005-55EE-3
Tieck, Ludwig	Erzählungen und Märchen	Der Geheimnisvolle	wdfb.0	https://hdl.handle.net/11858/00-1734-0000-0005-552E-2
Tieck, Ludwig	Erzählungen und Märchen	Die Gesellschaft auf dem Lande	wdwr.0	https://hdl.handle.net/11858/00-1734-0000-0005-56B4-8
Tieck, Ludwig	Erzählungen und Märchen	Der Aufruhr in den Cevennen	wdz4.0	https://hdl.handle.net/11858/00-1734-0000-0005-56DC-0
Tieck, Ludwig	Erzählungen und Märchen	Dichterleben (Erster Teil)	wf1c.0	https://hdl.handle.net/11858/00-1734-0000-0005-571D-3
Tieck, Ludwig	Erzählungen und Märchen	Dichterleben (Zweiter Teil)	wd9m.0	https://hdl.handle.net/11858/00-1734-0000-0005-54C2-B
Tieck, Ludwig	Erzählungen und Märchen	Der fünfzehnte November	wdcq.0	https://hdl.handle.net/11858/00-1734-0000-0005-54FE-7
Tieck, Ludwig	Erzählungen und Märchen	Der Hexen-Sabbath	wdw5.0	https://hdl.handle.net/11858/00-1734-0000-0005-56A3-E
Tieck, Ludwig	Erzählungen und Märchen	Des Lebens Überfluß	wdt5.0	https://hdl.handle.net/11858/00-1734-0000-0005-566A-E
Unger, Friederike Helene	Roman	Julchen Grünthal	wq9c.0	https://hdl.handle.net/11858/00-1734-0000-0005-724F-C
Unger, Friederike Helene	Roman	Albert und Albertine	wq95.0	https://hdl.handle.net/11858/00-1734-0000-0005-7247-B
Unger, Friederike Helene	Roman	Bekenntnisse einer schönen Seele	wq97.0	https://hdl.handle.net/11858/00-1734-0000-0005-724B-3
Wieland, Christoph Martin	Roman	Geschichte des Agathon	x8gx.0	https://hdl.handle.net/11858/00-1734-0000-0005-A691-2
Wieland, Christoph Martin	Roman	Der goldene Spiegel	x8gc.0	https://hdl.handle.net/11858/00-1734-0000-0005-A67D-1
Wieland, Christoph Martin	Roman	Die Abenteuer des Don Sylvio von Rosalva	x8kv.0	https://hdl.handle.net/11858/00-1734-0000-0005-A6E5-4
Wieland, Christoph Martin	Roman	Geschichte der Abderiten	x8jb.0	https://hdl.handle.net/11858/00-1734-0000-0005-A6B9-8
Wieland, Christoph Martin	Roman	Peregrinus Proteus	x8m3.0	https://hdl.handle.net/11858/00-1734-0000-0005-A6EA-9
Wieland, Christoph Martin	Roman	Aristipp und einige seiner Zeitgenossen	x8gm.0	https://hdl.handle.net/11858/00-1734-0000-0005-A686-B
